Date,wjb
20080101,102
20080102,90.8
20080103,79.8
20080104,71.8
20080105,71.4
20080106,79.7
20080107,76.7
20080108,71.9
20080109,68.6
20080110,67.1
20080111,68.7
20080112,72.9
20080113,77.8
20080114,83.4
20080115,89
20080116,93.8
20080117,98.3
20080118,103
20080119,107
20080120,110
20080121,111
20080122,108
20080123,103
20080124,94.8
20080125,89.9
20080126,88.1
20080127,88.3
20080128,89.7
20080129,91.6
20080130,94
20080131,96.4
20080201,99.2
20080202,101
20080203,99.9
20080204,99.3
20080205,99.6
20080206,100
20080207,102
20080208,106
20080209,113
20080210,121
20080211,125
20080212,125
20080213,122
20080214,119
20080215,115
20080216,110
20080217,105
20080218,99.3
20080219,94.2
20080220,88.5
20080221,82.2
20080222,76.3
20080223,71.1
20080224,67
20080225,64.3
20080226,63.9
20080227,65.2
20080228,67.2
20080229,70
20080301,72.9
20080302,77.3
20080303,82
20080304,82.2
20080305,78.3
20080306,74.5
20080307,79.4
20080308,90.9
20080309,101
20080310,104
20080311,99.7
20080312,91.6
20080313,82
20080314,76.4
20080315,77.5
20080316,80.9
20080317,84.8
20080318,88.3
20080319,91.2
20080320,93.3
20080321,94.8
20080322,93.5
20080323,88.9
20080324,82.5
20080325,74.6
20080326,65.8
20080327,56.9
20080328,47.3
20080329,41.3
20080330,41.5
20080331,44.2
20080401,46.6
20080402,45.4
20080403,43.1
20080404,42.2
20080405,42
20080406,43.8
20080407,49.1
20080408,62.1
20080409,238
20080410,348
20080411,279
20080412,262
20080413,232
20080414,196
20080415,167
20080416,143
20080417,123
20080418,106
20080419,100
20080420,831
20080421,2700
20080422,3020
20080423,2000
20080424,1250
20080425,849
20080426,609
20080427,468
20080428,434
20080429,392
20080430,312
20080501,243
20080502,208
20080503,202
20080504,270
20080505,535
20080506,669
20080507,549
20080508,435
20080509,349
20080510,306
20080511,286
20080512,266
20080513,250
20080514,232
20080515,217
20080516,203
20080517,190
20080518,177
20080519,164
20080520,150
20080521,138
20080522,128
20080523,122
20080524,120
20080525,120
20080526,123
20080527,132
20080528,144
20080529,156
20080530,162
20080531,161
20080601,160
20080602,155
20080603,145
20080604,132
20080605,116
20080606,98.7
20080607,87.1
20080608,147
20080609,118
20080610,101
20080611,96.1
20080612,96.7
20080613,100
20080614,106
20080615,116
20080616,132
20080617,157
20080618,165
20080619,159
20080620,149
20080621,148
20080622,292
20080623,499
20080624,498
20080625,440
20080626,358
20080627,283
20080628,235
20080629,208
20080630,185
20080701,165
20080702,152
20080703,151
20080704,152
20080705,185
20080706,233
20080707,249
20080708,271
20080709,341
20080710,485
20080711,669
20080712,626
20080713,527
20080714,464
20080715,422
20080716,388
20080717,364
20080718,343
20080719,326
20080720,311
20080721,296
20080722,292
20080723,529
20080724,2230
20080725,3960
20080726,4140
20080727,3570
20080728,2800
20080729,2190
20080730,1640
20080731,1130
20080801,902
20080802,769
20080803,996
20080804,1130
20080805,1070
20080806,954
20080807,889
20080808,781
20080809,618
20080810,519
20080811,463
20080812,414
20080813,355
20080814,384
20080815,750
20080816,1140
20080817,2300
20080818,4110
20080819,4020
20080820,3010
20080821,2030
20080822,1550
20080823,1210
20080824,956
20080825,771
20080826,603
20080827,491
20080828,430
20080829,401
20080830,527
20080831,1730
20080901,2660
20080902,2290
20080903,1620
20080904,1110
20080905,795
20080906,614
20080907,528
20080908,450
20080909,402
20080910,382
20080911,366
20080912,347
20080913,333
20080914,309
20080915,285
20080916,265
20080917,250
20080918,240
20080919,235
20080920,234
20080921,235
20080922,239
20080923,236
20080924,341
20080925,425
20080926,351
20080927,291
20080928,257
20080929,229
20080930,207
20081001,194
20081002,196
20081003,213
20081004,227
20081005,231
20081006,225
20081007,214
20081008,204
20081009,197
20081010,190
20081011,182
20081012,174
20081013,164
20081014,151
20081015,136
20081016,138
20081017,140
20081018,139
20081019,138
20081020,138
20081021,139
20081022,144
20081023,247
20081024,337
20081025,368
20081026,359
20081027,331
20081028,296
20081029,274
20081030,284
20081031,275
20081101,231
20081102,206
20081103,200
20081104,197
20081105,196
20081106,194
20081107,192
20081108,188
20081109,182
20081110,175
20081111,169
20081112,162
20081113,155
20081114,149
20081115,143
20081116,139
20081117,138
20081118,138
20081119,136
20081120,134
20081121,132
20081122,130
20081123,128
20081124,127
20081125,125
20081126,124
20081127,122
20081128,121
20081129,120
20081130,118
20081201,117
20081202,116
20081203,114
20081204,113
20081205,112
20081206,112
20081207,114
20081208,118
20081209,123
20081210,128
20081211,126
20081212,120
20081213,117
20081214,117
20081215,125
20081216,129
20081217,129
20081218,127
20081219,122
20081220,117
20081221,112
20081222,106
20081223,103
20081224,101
20081225,104
20081226,114
20081227,123
20081228,123
20081229,119
20081230,112
20081231,103
20090101,94.3
20090102,97.9
20090103,102
20090104,99.3
20090105,94.9
20090106,89.9
20090107,84.1
20090108,78.7
20090109,73.2
20090110,67.8
20090111,62.4
20090112,57.7
20090113,53.5
20090114,50.7
20090115,49.9
20090116,51.7
20090117,64.6
20090118,71.2
20090119,72.1
20090120,71.5
20090121,69.1
20090122,66.2
20090123,62.8
20090124,59.7
20090125,59.2
20090126,60.3
20090127,62.8
20090128,69.3
20090129,77.5
20090130,77.9
20090131,77.2
20090201,75.8
20090202,73.6
20090203,72.1
20090204,71.4
20090205,70.4
20090206,70.1
20090207,70.8
20090208,70.5
20090209,66
20090210,60.2
20090211,61.8
20090212,63.9
20090213,64.4
20090214,62.7
20090215,59.6
20090216,55.9
20090217,51.2
20090218,45.9
20090219,40.9
20090220,39
20090221,41.8
20090222,45.7
20090223,49.2
20090224,52.1
20090225,53.4
20090226,53.6
20090227,53.6
20090228,80.6
20090301,89.8
20090302,89.4
20090303,91.7
20090304,90.2
20090305,87.7
20090306,86.1
20090307,84.3
20090308,83.5
20090309,84.1
20090310,82.9
20090311,85.5
20090312,85.4
20090313,79.2
20090314,73.8
20090315,73.5
20090316,74
20090317,75.4
20090318,78.3
20090319,80.9
20090320,85.6
20090321,94.3
20090322,94.5
20090323,93
20090324,93
20090325,92.9
20090326,92.4
20090327,91.4
20090328,89.1
20090329,85.5
20090330,84
20090331,82.4
20090401,77.5
20090402,68.3
20090403,58.3
20090404,57.5
20090405,59.3
20090406,59.6
20090407,59.1
20090408,57.8
20090409,54.6
20090410,42.2
20090411,31.7
20090412,31.5
20090413,32.4
20090414,33.2
20090415,34
20090416,34.8
20090417,36
20090418,37.3
20090419,42.1
20090420,51.2
20090421,58.3
20090422,75.2
20090423,174
20090424,238
20090425,227
20090426,194
20090427,195
20090428,162
20090429,131
20090430,112
20090501,103
20090502,103
20090503,101
20090504,98
20090505,94.8
20090506,91.5
20090507,88.5
20090508,85.9
20090509,83.7
20090510,82.3
20090511,82
20090512,81.2
20090513,75.9
20090514,61.7
20090515,50.2
20090516,45.9
20090517,51.1
20090518,56.9
20090519,59.3
20090520,63.8
20090521,77.1
20090522,85.3
20090523,84.7
20090524,83.1
20090525,107
20090526,281
20090527,524
20090528,514
20090529,410
20090530,345
20090531,315
20090601,274
20090602,208
20090603,164
20090604,146
20090605,142
20090606,129
20090607,111
20090608,105
20090609,110
20090610,122
20090611,163
20090612,218
20090613,224
20090614,185
20090615,154
20090616,131
20090617,117
20090618,116
20090619,120
20090620,123
20090621,127
20090622,131
20090623,135
20090624,139
20090625,140
20090626,137
20090627,132
20090628,131
20090629,135
20090630,128
20090701,122
20090702,154
20090703,211
20090704,196
20090705,169
20090706,158
20090707,156
20090708,150
20090709,143
20090710,142
20090711,139
20090712,136
20090713,149
20090714,128
20090715,119
20090716,127
20090717,128
20090718,123
20090719,115
20090720,104
20090721,89.7
20090722,97.4
20090723,264
20090724,673
20090725,611
20090726,451
20090727,344
20090728,277
20090729,229
20090730,195
20090731,170
20090801,158
20090802,152
20090803,142
20090804,125
20090805,120
20090806,110
20090807,83.9
20090808,80.1
20090809,82.6
20090810,84.8
20090811,83.5
20090812,80
20090813,75.2
20090814,70.1
20090815,66.8
20090816,65.2
20090817,66.5
20090818,75.2
20090819,92.5
20090820,125
20090821,169
20090822,217
20090823,257
20090824,269
20090825,243
20090826,209
20090827,184
20090828,170
20090829,265
20090830,1200
20090831,2130
20090901,1930
20090902,1320
20090903,945
20090904,703
20090905,564
20090906,471
20090907,396
20090908,332
20090909,276
20090910,244
20090911,238
20090912,233
20090913,200
20090914,170
20090915,158
20090916,159
20090917,163
20090918,170
20090919,165
20090920,159
20090921,175
20090922,206
20090923,201
20090924,193
20090925,184
20090926,173
20090927,162
20090928,154
20090929,152
20090930,155
20091001,146
20091002,119
20091003,111
20091004,112
20091005,114
20091006,117
20091007,117
20091008,113
20091009,107
20091010,100
20091011,99.7
20091012,102
20091013,101
20091014,98.7
20091015,95.5
20091016,87.9
20091017,79.8
20091018,78.4
20091019,79.7
20091020,80.6
20091021,80.9
20091022,80.7
20091023,80.2
20091024,79.8
20091025,79.4
20091026,78.5
20091027,76
20091028,71.2
20091029,63.2
20091030,54
20091031,47.5
20091101,45.4
20091102,47.1
20091103,50.7
20091104,54.9
20091105,58.4
20091106,57.3
20091107,52.1
20091108,46.6
20091109,46.6
20091110,50.9
20091111,54.8
20091112,58.3
20091113,61.4
20091114,63.9
20091115,65.8
20091116,66.6
20091117,65.7
20091118,72.9
20091119,86.2
20091120,91.5
20091121,92.7
20091122,91.4
20091123,88.9
20091124,85.4
20091125,80.9
20091126,78
20091127,79
20091128,86.9
20091129,104
20091130,127
20091201,158
20091202,167
20091203,156
20091204,141
20091205,127
20091206,114
20091207,104
20091208,96.2
20091209,91
20091210,90.8
20091211,91.9
20091212,93.1
20091213,95.7
20091214,102
20091215,115
20091216,145
20091217,199
20091218,243
20091219,248
20091220,233
20091221,208
20091222,185
20091223,169
20091224,156
20091225,144
20091226,134
20091227,124
20091228,115
20091229,107
20091230,99.4
20091231,91.8
20100101,84.5
20100102,75.4
20100103,71.4
20100104,72.7
20100105,73.4
20100106,69.7
20100107,61.6
20100108,61
20100109,66.8
20100110,71.8
20100111,71.8
20100112,70.6
20100113,69.2
20100114,67.9
20100115,68
20100116,68.4
20100117,68.5
20100118,68.8
20100119,68.7
20100120,65.8
20100121,62.3
20100122,60.6
20100123,61.8
20100124,65.3
20100125,70.1
20100126,71.4
20100127,67.1
20100128,56.5
20100129,43.4
20100130,36.2
20100131,41.1
20100201,48.2
20100202,48.2
20100203,43.7
20100204,37.6
20100205,33.9
20100206,32.1
20100207,32.7
20100208,35.9
20100209,41.1
20100210,47.3
20100211,55.1
20100212,65.3
20100213,76.8
20100214,88.8
20100215,102
20100216,116
20100217,133
20100218,137
20100219,132
20100220,127
20100221,126
20100222,127
20100223,120
20100224,112
20100225,106
20100226,103
20100227,101
20100228,99.3
20100301,97.6
20100302,96.7
20100303,117
20100304,149
20100305,187
20100306,232
20100307,279
20100308,315
20100309,307
20100310,271
20100311,235
20100312,209
20100313,197
20100314,200
20100315,235
20100316,291
20100317,313
20100318,290
20100319,252
20100320,206
20100321,178
20100322,176
20100323,182
20100324,205
20100325,225
20100326,235
20100327,224
20100328,193
20100329,167
20100330,152
20100331,148
20100401,176
20100402,259
20100403,433
20100404,467
20100405,395
20100406,306
20100407,225
20100408,154
20100409,122
20100410,112
20100411,125
20100412,111
20100413,129
20100414,138
20100415,110
20100416,103
20100417,121
20100418,127
20100419,139
20100420,159
20100421,199
20100422,440
20100423,902
20100424,943
20100425,740
20100426,581
20100427,455
20100428,355
20100429,294
20100430,260
20100501,238
20100502,211
20100503,165
20100504,137
20100505,143
20100506,160
20100507,153
20100508,147
20100509,151
20100510,135
20100511,128
20100512,128
20100513,127
20100514,122
20100515,113
20100516,110
20100517,117
20100518,125
20100519,131
20100520,129
20100521,126
20100522,132
20100523,166
20100524,194
20100525,200
20100526,189
20100527,166
20100528,139
20100529,124
20100530,118
20100531,116
20100601,105
20100602,91.9
20100603,78.9
20100604,64.7
20100605,51.9
20100606,42.7
20100607,38.4
20100608,50
20100609,117
20100610,221
20100611,306
20100612,335
20100613,317
20100614,273
20100615,234
20100616,198
20100617,170
20100618,142
20100619,124
20100620,124
20100621,129
20100622,125
20100623,112
20100624,104
20100625,102
20100626,101
20100627,95.8
20100628,87.7
20100629,77.4
20100630,66.8
20100701,63.2
20100702,67.3
20100703,74
20100704,79.1
20100705,78.4
20100706,82
20100707,162
20100708,226
20100709,227
20100710,242
20100711,350
20100712,548
20100713,582
20100714,509
20100715,449
20100716,401
20100717,594
20100718,2070
20100719,3160
20100720,3810
20100721,4260
20100722,4030
20100723,3580
20100724,3490
20100725,3240
20100726,2480
20100727,1870
20100728,1430
20100729,1110
20100730,814
20100731,620
20100801,507
20100802,438
20100803,395
20100804,367
20100805,337
20100806,318
20100807,295
20100808,273
20100809,254
20100810,237
20100811,221
20100812,207
20100813,194
20100814,184
20100815,182
20100816,234
20100817,372
20100818,424
20100819,419
20100820,371
20100821,306
20100822,255
20100823,228
20100824,217
20100825,215
20100826,218
20100827,233
20100828,287
20100829,314
20100830,309
20100831,300
20100901,283
20100902,237
20100903,140
20100904,129
20100905,148
20100906,209
20100907,262
20100908,327
20100909,470
20100910,691
20100911,630
20100912,518
20100913,457
20100914,419
20100915,380
20100916,286
20100917,204
20100918,177
20100919,178
20100920,190
20100921,207
20100922,241
20100923,347
20100924,443
20100925,430
20100926,346
20100927,284
20100928,293
20100929,318
20100930,330
20101001,290
20101002,241
20101003,202
20101004,181
20101005,172
20101006,165
20101007,160
20101008,155
20101009,151
20101010,143
20101011,133
20101012,124
20101013,121
20101014,121
20101015,123
20101016,126
20101017,125
20101018,122
20101019,116
20101020,112
20101021,112
20101022,115
20101023,116
20101024,115
20101025,113
20101026,109
20101027,97.5
20101028,81.2
20101029,77.8
20101030,80.2
20101031,86.5
20101101,95.5
20101102,102
20101103,106
20101104,106
20101105,105
20101106,105
20101107,103
20101108,101
20101109,93.3
20101110,77
20101111,61.3
20101112,57.8
20101113,59.9
20101114,63.7
20101115,69.5
20101116,78.2
20101117,83.7
20101118,83.1
20101119,80.7
20101120,77.3
20101121,72.9
20101122,70.2
20101123,68.6
20101124,67.5
20101125,67.2
20101126,68.6
20101127,71.3
20101128,73.6
20101129,70
20101130,63
20101201,55.1
20101202,51.7
20101203,50.3
20101204,48.9
20101205,48.2
20101206,102
20101207,98.6
20101208,51.7
20101209,49.1
20101210,63.6
20101211,72.9
20101212,65.6
20101213,72.4
20101214,79.7
20101215,82.1
20101216,73.5
20101217,69.2
20101218,64.5
20101219,61
20101220,58.7
20101221,58.6
20101222,61.2
20101223,64.5
20101224,67.6
20101225,70.4
20101226,72.5
20101227,69.9
20101228,63.2
20101229,63.9
20101230,62.3
20101231,61.3
20110101,62.4
20110102,69.1
20110103,75.4
20110104,76.4
20110105,69.7
20110106,59.4
20110107,47.5
20110108,48.4
20110109,54
20110110,55.4
20110111,48.3
20110112,45.4
20110113,64.8
20110114,76.4
20110115,69.9
20110116,60.3
20110117,52.3
20110118,46.4
20110119,43.9
20110120,46.7
20110121,54.6
20110122,61
20110123,61.9
20110124,48.3
20110125,54.9
20110126,72
20110127,80.5
20110128,68.1
20110129,45.2
20110130,36.2
20110131,32.6
20110201,38.6
20110202,45
20110203,50.2
20110204,54
20110205,56.4
20110206,58.1
20110207,61.2
20110208,68.3
20110209,78.5
20110210,83
20110211,54.9
20110212,31.7
20110213,31.3
20110214,36.2
20110215,43.2
20110216,52.9
20110217,64.2
20110218,73.6
20110219,81.1
20110220,86.1
20110221,83.4
20110222,73.5
20110223,60.8
20110224,54.3
20110225,54.3
20110226,57.7
20110227,62.4
20110228,66.1
20110301,68.8
20110302,68.7
20110303,62.9
20110304,53.9
20110305,43.9
20110306,35.1
20110307,34.5
20110308,59.5
20110309,88.2
20110310,88.1
20110311,80
20110312,68.2
20110313,53.8
20110314,47.7
20110315,44.2
20110316,42.2
20110317,40.9
20110318,39.4
20110319,37.9
20110320,40.3
20110321,57.2
20110322,76.7
20110323,87.6
20110324,70.4
20110325,47.8
20110326,48.3
20110327,52.5
20110328,51.6
20110329,58.5
20110330,69.3
20110331,76.3
20110401,61.3
20110402,51.1
20110403,45.8
20110404,48.4
20110405,65.8
20110406,76.9
20110407,59.6
20110408,38.6
20110409,33.9
20110410,34.7
20110411,35.6
20110412,36
20110413,37.7
20110414,41.6
20110415,42.5
20110416,32
20110417,38.3
20110418,44.5
20110419,31.2
20110420,19.9
20110421,17.3
20110422,25.6
20110423,25.5
20110424,24.5
20110425,27.8
20110426,18.3
20110427,21.8
20110428,36.5
20110429,44.9
20110430,32.7
20110501,19
20110502,19.6
20110503,20.3
20110504,20.4
20110505,20
20110506,18.7
20110507,16.5
20110508,16.4
20110509,17.9
20110510,20.5
20110511,24.2
20110512,27.2
20110513,27.6
20110514,26
20110515,23.1
20110516,19
20110517,15
20110518,13.5
20110519,14.5
20110520,16.9
20110521,20.3
20110522,23.1
20110523,24.3
20110524,24.9
20110525,25.7
20110526,28.3
20110527,32
20110528,32.7
20110529,30.9
20110530,27.9
20110531,24.3
20110601,20.5
20110602,16.7
20110603,12.9
20110604,10
20110605,10
20110606,11.5
20110607,14.5
20110608,19.7
20110609,17.5
20110610,8.66
20110611,13.4
20110612,26.6
20110613,31.5
20110614,26.7
20110615,26
20110616,37.1
20110617,49.5
20110618,52.8
20110619,51.2
20110620,47.9
20110621,46.7
20110622,47.2
20110623,42.6
20110624,41.9
20110625,90.8
20110626,122
20110627,118
20110628,106
20110629,90.4
20110630,71
20110701,58
20110702,52.9
20110703,41.9
20110704,30.1
20110705,35.5
20110706,44.4
20110707,46.4
20110708,43
20110709,40.3
20110710,40
20110711,40.6
20110712,35.5
20110713,28
20110714,29.8
20110715,33.6
20110716,31.7
20110717,25.4
20110718,18.4
20110719,13.7
20110720,12.6
20110721,17.4
20110722,24.9
20110723,24.2
20110724,19.1
20110725,17
20110726,27.1
20110727,43.9
20110728,54.6
20110729,66.4
20110730,71.2
20110731,65.4
20110801,77.2
20110802,64.8
20110803,90.2
20110804,190
20110805,263
20110806,258
20110807,227
20110808,176
20110809,146
20110810,133
20110811,188
20110812,286
20110813,298
20110814,287
20110815,227
20110816,177
20110817,164
20110818,134
20110819,98.5
20110820,99.2
20110821,107
20110822,103
20110823,86.2
20110824,73.1
20110825,102
20110826,98
20110827,57.2
20110828,66.2
20110829,87.2
20110830,85
20110831,68.8
20110901,57.7
20110902,52.4
20110903,43.3
20110904,34.2
20110905,26.9
20110906,24.5
20110907,32.9
20110908,31.1
20110909,31.2
20110910,33
20110911,33.8
20110912,30.1
20110913,30.9
20110914,37.8
20110915,45.5
20110916,48.5
20110917,48.7
20110918,47.1
20110919,43
20110920,39.3
20110921,41.8
20110922,41.7
20110923,36.3
20110924,36.3
20110925,44.4
20110926,55.7
20110927,69.8
20110928,74.5
20110929,68.4
20110930,84.1
20111001,103
20111002,96.1
20111003,82.9
20111004,86.3
20111005,88.3
20111006,83.6
20111007,73.3
20111008,52.2
20111009,42.3
20111010,60.1
20111011,74.8
20111012,70.9
20111013,64.7
20111014,62.9
20111015,60.3
20111016,56
20111017,50.2
20111018,53.1
20111019,53.9
20111020,46.3
20111021,40.7
20111022,48.3
20111023,52.3
20111024,50.5
20111025,71.9
20111026,87.3
20111027,73.2
20111028,30.9
20111029,42
20111030,67.6
20111031,80.4
20111101,46.1
20111102,39.4
20111103,44.5
20111104,38.7
20111105,33.4
20111106,37.2
20111107,74
20111108,84.2
20111109,28.7
20111110,47.5
20111111,95
20111112,131
20111113,133
20111114,138
20111115,137
20111116,120
20111117,107
20111118,107
20111119,108
20111120,99
20111121,83.8
20111122,70.3
20111123,65.8
20111124,65
20111125,55.1
20111126,46.8
20111127,46.1
20111128,51.2
20111129,56.8
20111130,60.7
20111201,64.3
20111202,67.6
20111203,76.5
20111204,108
20111205,156
20111206,176
20111207,174
20111208,167
20111209,157
20111210,141
20111211,129
20111212,136
20111213,139
20111214,131
20111215,119
20111216,109
20111217,102
20111218,87.6
20111219,70.5
20111220,89
20111221,145
20111222,111
20111223,65.2
20111224,62.4
20111225,66.3
20111226,46.2
20111227,37.5
20111228,38.5
20111229,34
20111230,26.8
20111231,26.5
20120101,34.5
20120102,29.7
20120103,20.8
20120104,18.4
20120105,17.5
20120106,17.4
20120107,17.4
20120108,18.9
20120109,36.2
20120110,56.1
20120111,42.3
20120112,35.8
20120113,35.6
20120114,36.4
20120115,34.3
20120116,27.2
20120117,20
20120118,17.3
20120119,17.1
20120120,18
20120121,21
20120122,29.4
20120123,36.1
20120124,36.1
20120125,33.3
20120126,33.3
20120127,34.8
20120128,32.1
20120129,26.8
20120130,21.2
20120131,16.7
20120201,14
20120202,14.8
20120203,16.9
20120204,18.5
20120205,19.7
20120206,20.3
20120207,20.1
20120208,19.1
20120209,18.6
20120210,19.2
20120211,47.3
20120212,83.9
20120213,56.2
20120214,24.6
20120215,14.1
20120216,11.2
20120217,10.5
20120218,10.3
20120219,10.7
20120220,13.8
20120221,18.2
20120222,19.6
20120223,16.8
20120224,15.7
20120225,17.2
20120226,19.6
20120227,22.5
20120228,25.7
20120229,29.8
20120301,33.9
20120302,34.9
20120303,32.9
20120304,29.3
20120305,23.3
20120306,17
20120307,19.9
20120308,29.6
20120309,38.4
20120310,42.7
20120311,41.6
20120312,36.7
20120313,29.5
20120314,25.2
20120315,23.5
20120316,21.2
20120317,18.1
20120318,15.3
20120319,18.3
20120320,27.5
20120321,38.6
20120322,48.5
20120323,55.8
20120324,55.3
20120325,49
20120326,55.1
20120327,70.5
20120328,75.3
20120329,76.7
20120330,78
20120331,80.9
20120401,84.1
20120402,84.2
20120403,82.2
20120404,78.1
20120405,67.7
20120406,52
20120407,43.6
20120408,45.3
20120409,51.4
20120410,59.7
20120411,68.7
20120412,72.9
20120413,70.2
20120414,60.6
20120415,47.7
20120416,39.7
20120417,36.3
20120418,38.8
20120419,43.9
20120420,47.3
20120421,48.9
20120422,50.4
20120423,55
20120424,61.7
20120425,65.7
20120426,62.9
20120427,53.9
20120428,47.2
20120429,48.6
20120430,52.5
20120501,47.2
20120502,31.6
20120503,35.1
20120504,43.3
20120505,39.8
20120506,30.7
20120507,36.2
20120508,49.1
20120509,49.7
20120510,45.6
20120511,44.9
20120512,46.3
20120513,43.6
20120514,37
20120515,34.8
20120516,36.2
20120517,34.5
20120518,29.5
20120519,25.8
20120520,23
20120521,21.2
20120522,20.5
20120523,20.7
20120524,21.7
20120525,22.6
20120526,22.8
20120527,22.4
20120528,21.3
20120529,19.5
20120530,17.8
20120531,18.4
20120601,20.9
20120602,24.7
20120603,29.3
20120604,33.1
20120605,31.6
20120606,26.1
20120607,21.7
20120608,27.3
20120609,31.8
20120610,28.6
20120611,21.5
20120612,19.1
20120613,18.6
20120614,15.8
20120615,14
20120616,23.8
20120617,33.7
20120618,29.9
20120619,28.4
20120620,29.2
20120621,29.7
20120622,26.2
20120623,25.4
20120624,23.7
20120625,20.3
20120626,16.1
20120627,14.9
20120628,11.2
20120629,8.18
20120630,11.3
20120701,10.7
20120702,9.55
20120703,12.3
20120704,22.5
20120705,56.4
20120706,114
20120707,168
20120708,188
20120709,174
20120710,184
20120711,211
20120712,229
20120713,247
20120714,243
20120715,212
20120716,167
20120717,119
20120718,96.2
20120719,89
20120720,91.3
20120721,93.3
20120722,82
20120723,65.3
20120724,51.4
20120725,41.4
20120726,34.3
20120727,29.9
20120728,28
20120729,27.5
20120730,27.5
20120731,31
20120801,37.6
20120802,35.2
20120803,27.5
20120804,20.5
20120805,17.4
20120806,21.9
20120807,33.2
20120808,40.9
20120809,38.9
20120810,34
20120811,27.8
20120812,20.2
20120813,6.68
20120814,24.1
20120815,33.7
20120816,25.9
20120817,49.4
20120818,52.9
20120819,50.2
20120820,43.5
20120821,34.5
20120822,28.4
20120823,42.5
20120824,126
20120825,148
20120826,150
20120827,234
20120828,590
20120829,645
20120830,525
20120831,401
20120901,299
20120902,231
20120903,186
20120904,147
20120905,112
20120906,84.3
20120907,69.6
20120908,132
20120909,635
20120910,1810
20120911,1780
20120912,1320
20120913,990
20120914,778
20120915,646
20120916,531
20120917,431
20120918,342
20120919,279
20120920,216
20120921,148
20120922,136
20120923,131
20120924,124
20120925,114
20120926,98.1
20120927,84.6
20120928,84.2
20120929,90.7
20120930,84.8
20121001,67.1
20121002,49.1
20121003,41.7
20121004,40.6
20121005,48.9
20121006,58.2
20121007,58.9
20121008,56.9
20121009,55.2
20121010,62
20121011,94.6
20121012,73.8
20121013,36.4
20121014,49.7
20121015,55.8
20121016,45.1
20121017,35.9
20121018,54.5
20121019,50.2
20121020,41.4
20121021,35
20121022,39.7
20121023,78.4
20121024,68.4
20121025,40.4
20121026,30.4
20121027,83.9
20121028,94.3
20121029,74.5
20121030,53.3
20121031,49.7
20121101,54.9
20121102,61.8
20121103,72.4
20121104,92
20121105,109
20121106,96.7
20121107,74.3
20121108,60.5
20121109,53
20121110,48.9
20121111,49.2
20121112,55.1
20121113,65.3
20121114,71.2
20121115,72.3
20121116,70.4
20121117,66.8
20121118,61
20121119,53.5
20121120,47.5
20121121,43.8
20121122,44.3
20121123,51
20121124,55.4
20121125,51.1
20121126,44.8
20121127,52.6
20121128,87.8
20121129,85.4
20121130,70.6
20121201,67.9
20121202,82.7
20121203,64
20121204,59.5
20121205,94.2
20121206,106
20121207,81.4
20121208,52.6
20121209,39.2
20121210,32.9
20121211,31.4
20121212,33
20121213,37.1
20121214,41.4
20121215,40.8
20121216,41.3
20121217,58.4
20121218,99.8
20121219,81.4
20121220,84.9
20121221,93.1
20121222,89.1
20121223,67.8
20121224,62
20121225,67.5
20121226,75.6
20121227,81.1
20121228,76.3
20121229,69.5
20121230,75.5
20121231,85.8
20130101,72.8
20130102,59.2
20130103,53.4
20130104,61.9
20130105,69.5
20130106,61
20130107,50.4
20130108,55.5
20130109,59.7
20130110,50.7
20130111,42.6
20130112,59.7
20130113,42.9
20130114,24.4
20130115,55.4
20130116,63.8
20130117,58.3
20130118,50.7
20130119,42.9
20130120,44.3
20130121,47.3
20130122,40.7
20130123,35.2
20130124,41.7
20130125,49.5
20130126,48.5
20130127,44.1
20130128,43
20130129,35.5
20130130,39.1
20130131,52.2
20130201,71.5
20130202,91.4
20130203,105
20130204,109
20130205,104
20130206,102
20130207,114
20130208,127
20130209,117
20130210,101
20130211,92.3
20130212,89.1
20130213,87.7
20130214,85.9
20130215,78.6
20130216,70.4
20130217,63.4
20130218,57
20130219,53.4
20130220,52.6
20130221,61.8
20130222,73.2
20130223,77.9
20130224,72
20130225,57.1
20130226,42.4
20130227,36.2
20130228,34.5
20130301,58.7
20130302,98
20130303,82.4
20130304,48.5
20130305,44.7
20130306,60.4
20130307,63
20130308,49.1
20130309,36
20130310,39.6
20130311,51.8
20130312,57.1
20130313,55.4
20130314,56.6
20130315,52.6
20130316,43.8
20130317,36.1
20130318,41.8
20130319,51.1
20130320,57.5
20130321,62.8
20130322,65.5
20130323,63.1
20130324,52.7
20130325,41.3
20130326,37.9
20130327,39.6
20130328,44.9
20130329,51
20130330,56.7
20130331,51.5
20130401,28.7
20130402,28.5
20130403,38.7
20130404,49.3
20130405,56.1
20130406,60.2
20130407,52.6
20130408,40.1
20130409,32.4
20130410,27.4
20130411,40.6
20130412,57.9
20130413,57.9
20130414,50.2
20130415,42.6
20130416,37.2
20130417,34
20130418,39.6
20130419,47.8
20130420,46.4
20130421,38.1
20130422,30.7
20130423,23.6
20130424,15
20130425,7.45
20130426,8.39
20130427,15.4
20130428,26.2
20130429,37.3
20130430,39.6
20130501,34.8
20130502,29.9
20130503,31.6
20130504,34.7
20130505,31.2
20130506,25.3
20130507,20.2
20130508,16.2
20130509,19.4
20130510,27.6
20130511,35.9
20130512,42.5
20130513,43.5
20130514,40.4
20130515,36.5
20130516,31.3
20130517,25.7
20130518,20.7
20130519,21
20130520,23.4
20130521,21.9
20130522,17.1
20130523,16.3
20130524,18.9
20130525,23.6
20130526,38.2
20130527,83.8
20130528,125
20130529,98.3
20130530,130
20130531,151
20130601,125
20130602,73.1
20130603,49.7
20130604,56.1
20130605,64.2
20130606,51.2
20130607,38.7
20130608,68.5
20130609,67.3
20130610,47.3
20130611,49.3
20130612,53.1
20130613,44.9
20130614,33.7
20130615,29.6
20130616,27.7
20130617,24.7
20130618,23.8
20130619,32
20130620,41.6
20130621,44.4
20130622,41.9
20130623,34.5
20130624,26.5
20130625,26.1
20130626,30
20130627,33.1
20130628,35.4
20130629,50
20130630,77.3
20130701,88.9
20130702,94.1
20130703,96.8
20130704,95.7
20130705,89.5
20130706,79.5
20130707,59.4
20130708,20.9
20130709,51.3
20130710,28
20130711,60.4
20130712,53.2
20130713,47.8
20130714,41.6
20130715,26.8
20130716,12.5
20130717,19.8
20130718,36.3
20130719,35.4
20130720,24.7
20130721,26
20130722,78.6
20130723,306
20130724,342
20130725,296
20130726,257
20130727,232
20130728,188
20130729,138
20130730,108
20130731,90
20130801,85.9
20130802,80.1
20130803,68.7
20130804,58.9
20130805,77
20130806,74.2
20130807,61.3
20130808,62.4
20130809,63
20130810,56.4
20130811,45.4
20130812,36.2
20130813,34.3
20130814,46.6
20130815,46.8
20130816,41.8
20130817,36.4
20130818,37.3
20130819,40.4
20130820,38.2
20130821,28.2
20130822,17.7
20130823,15.5
20130824,24.4
20130825,73.5
20130826,234
20130827,450
20130828,544
20130829,484
20130830,420
20130831,344
20130901,256
20130902,193
20130903,161
20130904,145
20130905,132
20130906,118
20130907,105
20130908,99.2
20130909,101
20130910,109
20130911,131
20130912,177
20130913,240
20130914,265
20130915,238
20130916,154
20130917,123
20130918,99.2
20130919,75.2
20130920,62.5
20130921,69.9
20130922,76.2
20130923,78.3
20130924,79.8
20130925,93
20130926,136
20130927,182
20130928,213
20130929,210
20130930,171
20131001,135
20131002,116
20131003,105
20131004,96.8
20131005,85.4
20131006,71.2
20131007,62.3
20131008,65.6
20131009,75.4
20131010,79.4
20131011,71.3
20131012,59.3
20131013,51.4
20131014,46
20131015,43.3
20131016,45.5
20131017,48.7
20131018,49.6
20131019,44.1
20131020,26.9
20131021,15
20131022,20.1
20131023,29.9
20131024,36.7
20131025,38.7
20131026,39.7
20131027,39.6
20131028,39.1
20131029,37.4
20131030,33.8
20131031,29.4
20131101,28
20131102,33.9
20131103,40.2
20131104,44.4
20131105,43.9
20131106,41.7
20131107,39.4
20131108,34.2
20131109,27.2
20131110,23.7
20131111,25.6
20131112,29.8
20131113,36.3
20131114,42.4
20131115,43.2
20131116,35.7
20131117,30.8
20131118,29.9
20131119,30.8
20131120,33.5
20131121,36.1
20131122,37.6
20131123,38.2
20131124,36.8
20131125,34.9
20131126,35.1
20131127,33.7
20131128,26.1
20131129,18.2
20131130,15.5
20131201,16.3
20131202,19.6
20131203,25.2
20131204,32
20131205,39
20131206,37.9
20131207,33
20131208,27.1
20131209,23.3
20131210,23.4
20131211,30.6
20131212,37.2
20131213,29.5
20131214,16.5
20131215,17
20131216,22.8
20131217,25.9
20131218,27.9
20131219,24.6
20131220,18.3
20131221,21.8
20131222,24.6
20131223,23.2
20131224,19.1
20131225,31.6
20131226,46.7
20131227,37.4
20131228,16.2
20131229,19.3
20131230,32.3
20131231,37.3
20140101,39.3
20140102,44
20140103,47.8
20140104,42.2
20140105,36.1
20140106,36.4
20140107,39.9
20140108,38.3
20140109,34.8
20140110,33.2
20140111,34.1
20140112,33.9
20140113,32.1
20140114,32.7
20140115,38.7
20140116,50.4
20140117,61
20140118,59.4
20140119,51.7
20140120,46.6
20140121,44.7
20140122,42
20140123,36.3
20140124,29.3
20140125,26.4
20140126,31.7
20140127,39.5
20140128,34.9
20140129,29.3
20140130,29
20140131,28.2
20140201,26.4
20140202,26.1
20140203,30
20140204,43.2
20140205,52.5
20140206,41.8
20140207,31.5
20140208,31.9
20140209,35.1
20140210,34.1
20140211,30.6
20140212,27.7
20140213,26.5
20140214,24.9
20140215,23.2
20140216,23.1
20140217,26.6
20140218,34
20140219,23.9
20140220,11
20140221,12.8
20140222,21.4
20140223,30.7
20140224,36.8
20140225,34
20140226,22.8
20140227,28.9
20140228,39.9
20140301,36.7
20140302,32.8
20140303,36.6
20140304,39.1
20140305,36.2
20140306,32.3
20140307,35.6
20140308,43.4
20140309,50
20140310,55.6
20140311,59.4
20140312,61.1
20140313,59.3
20140314,55.1
20140315,53.1
20140316,53.6
20140317,52.9
20140318,50.6
20140319,41
20140320,31.7
20140321,35
20140322,39.9
20140323,35.9
20140324,31.3
20140325,28.3
20140326,27.1
20140327,28.1
20140328,30.9
20140329,35.4
20140330,41.1
20140331,44
20140401,36.6
20140402,23.8
20140403,24.6
20140404,30.9
20140405,36.2
20140406,38.6
20140407,33.1
20140408,22.8
20140409,21
20140410,22.4
20140411,23.6
20140412,22.5
20140413,23.1
20140414,27.6
20140415,41.3
20140416,90.5
20140417,126
20140418,172
20140419,283
20140420,422
20140421,468
20140422,444
20140423,399
20140424,348
20140425,304
20140426,274
20140427,257
20140428,244
20140429,225
20140430,190
20140501,141
20140502,119
20140503,109
20140504,100
20140505,93.8
20140506,85.3
20140507,72.4
20140508,61
20140509,54.9
20140510,50.9
20140511,51.2
20140512,53.7
20140513,54
20140514,53.7
20140515,53.7
20140516,53.8
20140517,53.7
20140518,53.6
20140519,53.5
20140520,51.9
20140521,49.8
20140522,49.1
20140523,51.9
20140524,56.5
20140525,56.5
20140526,52.8
20140527,46.2
20140528,41.9
20140529,42.6
20140530,46.4
20140531,54.3
20140601,91.1
20140602,133
20140603,160
20140604,179
20140605,185
20140606,168
20140607,129
20140608,108
20140609,106
20140610,104
20140611,99.5
20140612,89.5
20140613,74.1
20140614,60.2
20140615,57.7
20140616,61
20140617,61.9
20140618,60.8
20140619,53.9
20140620,44.6
20140621,50
20140622,57
20140623,54.5
20140624,49
20140625,43.9
20140626,43.5
20140627,45.9
20140628,57.3
20140629,73.4
20140630,83.5
20140701,86.7
20140702,85.4
20140703,85.4
20140704,90.5
20140705,105
20140706,116
20140707,106
20140708,92.5
20140709,88.5
20140710,81.1
20140711,64.6
20140712,81.4
20140713,363
20140714,686
20140715,683
20140716,512
20140717,400
20140718,258
20140719,203
20140720,164
20140721,120
20140722,101
20140723,93.1
20140724,88.6
20140725,89.4
20140726,85.2
20140727,68.4
20140728,47.1
20140729,30
20140730,26.1
20140731,34.8
20140801,39.2
20140802,35.7
20140803,31.1
20140804,27
20140805,25.2
20140806,25.9
20140807,30.2
20140808,36.8
20140809,42.7
20140810,47.7
20140811,51.2
20140812,54.8
20140813,59.7
20140814,64.1
20140815,68.1
20140816,69.9
20140817,67.7
20140818,63.6
20140819,59.6
20140820,57.9
20140821,54.7
20140822,48.3
20140823,39.2
20140824,35
20140825,42.9
20140826,62
20140827,90.8
20140828,111
20140829,116
20140830,124
20140831,197
20140901,806
20140902,1520
20140903,1550
20140904,1170
20140905,837
20140906,637
20140907,518
20140908,353
20140909,199
20140910,171
20140911,171
20140912,195
20140913,256
20140914,430
20140915,504
20140916,496
20140917,479
20140918,592
20140919,824
20140920,1040
20140921,1100
20140922,940
20140923,763
20140924,623
20140925,510
20140926,408
20140927,321
20140928,324
20140929,1260
20140930,2110
20141001,1630
20141002,1070
20141003,762
20141004,578
20141005,552
20141006,526
20141007,504
20141008,502
20141009,492
20141010,461
20141011,387
20141012,251
20141013,159
20141014,155
20141015,172
20141016,174
20141017,132
20141018,73.3
20141019,49.7
20141020,78.7
20141021,135
20141022,213
20141023,335
20141024,441
20141025,507
20141026,500
20141027,374
20141028,254
20141029,174
20141030,158
20141031,222
20141101,264
20141102,268
20141103,238
20141104,191
20141105,168
20141106,157
20141107,144
20141108,125
20141109,102
20141110,91
20141111,94.8
20141112,175
20141113,260
20141114,229
20141115,145
20141116,94.9
20141117,76.8
20141118,68.1
20141119,63.3
20141120,61
20141121,60.2
20141122,60.7
20141123,61.5
20141124,78.6
20141125,133
20141126,196
20141127,239
20141128,283
20141129,353
20141130,400
20141201,392
20141202,369
20141203,346
20141204,326
20141205,306
20141206,279
20141207,241
20141208,211
20141209,209
20141210,212
20141211,213
20141212,202
20141213,179
20141214,159
20141215,146
20141216,137
20141217,129
20141218,122
20141219,115
20141220,107
20141221,110
20141222,119
20141223,129
20141224,132
20141225,131
20141226,130
20141227,129
20141228,123
20141229,115
20141230,108
20141231,107
20150101,112
20150102,110
20150103,105
20150104,102
20150105,103
20150106,106
20150107,108
20150108,105
20150109,99.7
20150110,96.3
20150111,93.7
20150112,92
20150113,91.5
20150114,92.3
20150115,107
20150116,123
20150117,113
20150118,98.2
20150119,89
20150120,81.8
20150121,65.1
20150122,47.1
20150123,53.3
20150124,65.4
20150125,57.1
20150126,44.4
20150127,43.7
20150128,46.6
20150129,49.1
20150130,49.6
20150131,48.8
20150201,52.2
20150202,56.8
20150203,53.9
20150204,48.9
20150205,53.7
20150206,66.4
20150207,75.8
20150208,74.9
20150209,69.9
20150210,65.3
20150211,62.7
20150212,68.2
20150213,80.6
20150214,82.1
20150215,60.9
20150216,40.1
20150217,42.3
20150218,48.5
20150219,55.7
20150220,61.2
20150221,57.3
20150222,51.5
20150223,50.5
20150224,50.5
20150225,49.4
20150226,47.5
20150227,45.8
20150228,51
20150301,61.7
20150302,63.7
20150303,61
20150304,61.6
20150305,63.4
20150306,57.4
20150307,47
20150308,49.6
20150309,60.2
20150310,72
20150311,74
20150312,66
20150313,61.1
20150314,61.5
20150315,67.6
20150316,89
20150317,122
20150318,143
20150319,146
20150320,149
20150321,186
20150322,246
20150323,270
20150324,259
20150325,243
20150326,226
20150327,207
20150328,165
20150329,127
20150330,126
20150331,129
20150401,127
20150402,128
20150403,150
20150404,209
20150405,352
20150406,458
20150407,492
20150408,483
20150409,435
20150410,385
20150411,343
20150412,302
20150413,256
20150414,216
20150415,187
20150416,172
20150417,167
20150418,164
20150419,166
20150420,172
20150421,215
20150422,274
20150423,260
20150424,227
20150425,184
20150426,161
20150427,159
20150428,161
20150429,150
20150430,132
20150501,121
20150502,112
20150503,101
20150504,92.7
20150505,97.9
20150506,101
20150507,94
20150508,81.7
20150509,75.3
20150510,89.5
20150511,115
20150512,130
20150513,121
20150514,113
20150515,129
20150516,167
20150517,226
20150518,291
20150519,298
20150520,213
20150521,174
20150522,156
20150523,142
20150524,133
20150525,128
20150526,126
20150527,134
20150528,153
20150529,161
20150530,168
20150531,184
20150601,207
20150602,237
20150603,487
20150604,702
20150605,686
20150606,516
20150607,394
20150608,309
20150609,239
20150610,179
20150611,131
20150612,101
20150613,93.1
20150614,97.9
20150615,107
20150616,132
20150617,301
20150618,553
20150619,719
20150620,714
20150621,574
20150622,456
20150623,376
20150624,327
20150625,310
20150626,342
20150627,574
20150628,1380
20150629,2620
20150630,3250
20150701,3170
20150702,2840
20150703,2030
20150704,1420
20150705,1090
20150706,900
20150707,737
20150708,619
20150709,523
20150710,452
20150711,400
20150712,346
20150713,297
20150714,260
20150715,229
20150716,228
20150717,366
20150718,597
20150719,806
20150720,802
20150721,667
20150722,501
20150723,450
20150724,471
20150725,535
20150726,559
20150727,502
20150728,415
20150729,346
20150730,301
20150731,266
20150801,235
20150802,183
20150803,141
20150804,124
20150805,114
20150806,99.1
20150807,92.3
20150808,123
20150809,169
20150810,208
20150811,237
20150812,251
20150813,250
20150814,225
20150815,203
20150816,211
20150817,226
20150818,228
20150819,227
20150820,264
20150821,588
20150822,738
20150823,617
20150824,457
20150825,344
20150826,277
20150827,229
20150828,187
20150829,154
20150830,134
20150831,127
20150901,117
20150902,97.4
20150903,80.5
20150904,69.2
20150905,65.6
20150906,69.7
20150907,76.6
20150908,86.5
20150909,94.2
20150910,92.2
20150911,80.8
20150912,69.1
20150913,62.9
20150914,62.4
20150915,63.8
20150916,60.2
20150917,51.1
20150918,70.1
20150919,104
20150920,97.3
20150921,75.7
20150922,65.6
20150923,62.7
20150924,61.5
20150925,60.1
20150926,54.7
20150927,51.1
20150928,57.7
20150929,65.6
20150930,59
20151001,35.4
20151002,30.9
20151003,43.4
20151004,47.7
20151005,46.6
20151006,44.8
20151007,47.8
20151008,49.5
20151009,47.8
20151010,51.9
20151011,58.4
20151012,51.2
20151013,42.4
20151014,37.4
20151015,37.1
20151016,40.5
20151017,41.5
20151018,42.2
20151019,46.2
20151020,44.7
20151021,38.7
20151022,34.7
20151023,35.4
20151024,39
20151025,44.3
20151026,51.4
20151027,56.2
20151028,53.1
20151029,50
20151030,50.9
20151031,55.5
20151101,49.4
20151102,40
20151103,39.1
20151104,40.5
20151105,43.8
20151106,48.1
20151107,53.4
20151108,59.2
20151109,64.6
20151110,66.6
20151111,65.5
20151112,62.7
20151113,59.1
20151114,56.3
20151115,57.4
20151116,61
20151117,63.4
20151118,64.1
20151119,64.2
20151120,63.8
20151121,68.4
20151122,87.8
20151123,105
20151124,108
20151125,110
20151126,132
20151127,169
20151128,177
20151129,166
20151130,150
20151201,141
20151202,139
20151203,136
20151204,131
20151205,124
20151206,102
20151207,82.5
20151208,90.5
20151209,96.6
20151210,92.1
20151211,81
20151212,72.5
20151213,70.9
20151214,69.7
20151215,63.4
20151216,49.8
20151217,51
20151218,62.4
20151219,72.1
20151220,73.1
20151221,70
20151222,72.4
20151223,76.4
20151224,73.4
20151225,66.5
20151226,58.9
20151227,54.9
20151228,61.6
20151229,68.5
20151230,66.5
20151231,59.6
20160101,49.7
20160102,49.1
20160103,57.7
20160104,52.5
20160105,43.4
20160106,49.3
20160107,55.5
20160108,45.3
20160109,28.1
20160110,25.7
20160111,35.9
20160112,52.7
20160113,66.7
20160114,72
20160115,58.7
20160116,46
20160117,48.2
20160118,50.9
20160119,49.1
20160120,45
20160121,42
20160122,53.1
20160123,70.1
20160124,63.4
20160125,52.4
20160126,50.1
20160127,49.6
20160128,49.9
20160129,50.9
20160130,55
20160131,60.8
20160201,61.3
20160202,56.2
20160203,48.5
20160204,40.5
20160205,40.5
20160206,43
20160207,42.2
20160208,41.4
20160209,40.9
20160210,40.5
20160211,40.9
20160212,51.5
20160213,76.6
20160214,127
20160215,154
20160216,150
20160217,135
20160218,122
20160219,116
20160220,112
20160221,101
20160222,86.4
20160223,72.5
20160224,62.8
20160225,61.5
20160226,63.2
20160227,62.6
20160228,61.4
20160229,59.2
20160301,54.5
20160302,64.4
20160303,82.7
20160304,81
20160305,68.3
20160306,53.9
20160307,47.3
20160308,59.6
20160309,74.9
20160310,74.9
20160311,73
20160312,80.5
20160313,92.1
20160314,101
20160315,105
20160316,101
20160317,89.8
20160318,79.1
20160319,72.3
20160320,70.7
20160321,71.2
20160322,71.1
20160323,69.4
20160324,65.1
20160325,58.2
20160326,51.4
20160327,47.3
20160328,44.6
20160329,43.6
20160330,45.4
20160331,48.9
20160401,53.5
20160402,51.3
20160403,40.5
20160404,33.2
20160405,31.8
20160406,36.5
20160407,69
20160408,158
20160409,215
20160410,218
20160411,169
20160412,144
20160413,122
20160414,111
20160415,109
20160416,108
20160417,102
20160418,93.2
20160419,89.6
20160420,89.7
20160421,89.7
20160422,87.8
20160423,89
20160424,92.7
20160425,98
20160426,98.4
20160427,85.6
20160428,70.2
20160429,65.9
20160430,65
20160501,64.4
20160502,59.6
20160503,56.2
20160504,69.6
20160505,83.3
20160506,79.3
20160507,68.2
20160508,62.7
20160509,60.2
20160510,56.8
20160511,50.4
20160512,43.6
20160513,43.5
20160514,50.3
20160515,59.8
20160516,67.5
20160517,71.1
20160518,72.4
20160519,72.5
20160520,74.1
20160521,79
20160522,89.2
20160523,79.2
20160524,63.1
20160525,64
20160526,74.6
20160527,87.1
20160528,90
20160529,87.5
20160530,93.7
20160531,121
20160601,264
20160602,470
20160603,654
20160604,646
20160605,527
20160606,451
20160607,402
20160608,377
20160609,337
20160610,283
20160611,231
20160612,182
20160613,167
20160614,163
20160615,162
20160616,155
20160617,137
20160618,114
20160619,111
20160620,187
20160621,227
20160622,584
20160623,911
20160624,849
20160625,1010
20160626,1280
20160627,1180
20160628,983
20160629,809
20160630,644
20160701,561
20160702,1130
20160703,2200
20160704,1670
20160705,1170
20160706,871
20160707,717
20160708,650
20160709,618
20160710,571
20160711,504
20160712,443
20160713,395
20160714,373
20160715,383
20160716,415
20160717,426
20160718,419
20160719,404
20160720,529
20160721,2310
20160722,3420
20160723,2910
20160724,2050
20160725,1420
20160726,1010
20160727,729
20160728,546
20160729,386
20160730,273
20160731,215
20160801,196
20160802,176
20160803,159
20160804,149
20160805,165
20160806,195
20160807,228
20160808,257
20160809,282
20160810,303
20160811,311
20160812,312
20160813,305
20160814,265
20160815,203
20160816,170
20160817,151
20160818,135
20160819,119
20160820,103
20160821,91
20160822,85.2
20160823,82.7
20160824,81.3
20160825,80.5
20160826,80.7
20160827,82.2
20160828,84.7
20160829,90.4
20160830,96.9
20160831,100
20160901,95.4
20160902,86.6
20160903,77.8
20160904,74
20160905,72.7
20160906,74.5
20160907,78.7
20160908,71.7
20160909,58.1
20160910,50.7
20160911,49.6
20160912,49
20160913,47.9
20160914,46.5
20160915,46
20160916,50.8
20160917,59
20160918,61.6
20160919,48.3
20160920,34.6
20160921,33.2
20160922,33.8
20160923,35.6
20160924,38.9
20160925,42.7
20160926,47.3
20160927,53.9
20160928,58.7
20160929,52.9
20160930,45
20161001,57.6
20161002,67.5
20161003,57.6
20161004,46.3
20161005,44.1
20161006,56.3
20161007,64.7
20161008,55.9
20161009,46.1
20161010,56.2
20161011,74.3
20161012,72.7
20161013,62.2
20161014,49.2
20161015,39.5
20161016,34.1
20161017,33.5
20161018,35.2
20161019,38.9
20161020,47
20161021,59.6
20161022,71.4
20161023,77.1
20161024,81.7
20161025,98.1
20161026,128
20161027,277
20161028,957
20161029,1780
20161030,2040
20161031,1890
20161101,1700
20161102,1420
20161103,1150
20161104,910
20161105,707
20161106,535
20161107,392
20161108,293
20161109,325
20161110,411
20161111,459
20161112,443
20161113,397
20161114,344
20161115,294
20161116,259
20161117,243
20161118,242
20161119,268
20161120,309
20161121,362
20161122,421
20161123,476
20161124,517
20161125,546
20161126,559
20161127,559
20161128,517
20161129,442
20161130,366
20161201,326
20161202,308
20161203,285
20161204,258
20161205,228
20161206,196
20161207,167
20161208,148
20161209,138
20161210,146
20161211,155
20161212,157
20161213,156
20161214,155
20161215,154
20161216,142
20161217,128
20161218,127
20161219,137
20161220,152
20161221,171
20161222,198
20161223,233
20161224,270
20161225,282
20161226,281
20161227,278
20161228,275
20161229,272
20161230,267
20161231,259
